100,admin,127.0.0.1,内网IP,Chrome 11,Windows 10,0,登录成功,2023-11-14 02:52:09
101,admin,127.0.0.1,内网IP,Chrome 11,Windows 10,0,登录成功,2023-11-14 05:46:49
102,admin,127.0.0.1,内网IP,Chrome 11,Windows 10,0,登录成功,2023-11-14 06:58:03
103,admin,127.0.0.1,内网IP,Chrome 11,Windows 10,0,登录成功,2023-11-14 11:32:38
104,admin,127.0.0.1,内网IP,Chrome 11,Windows 10,0,登录成功,2023-11-15 01:55:17
105,admin,127.0.0.1,内网IP,Chrome 11,Windows 10,0,登录成功,2023-11-15 04:47:39
106,admin,127.0.0.1,内网IP,Chrome 11,Windows 10,0,登录成功,2023-11-15 05:52:41
107,admin,127.0.0.1,内网IP,Chrome 11,Windows 10,0,登录成功,2023-11-15 07:29:16
108,admin,127.0.0.1,内网IP,Chrome 11,Windows 10,0,登录成功,2023-11-15 08:08:41
109,admin,127.0.0.1,内网IP,Chrome 11,Windows 10,0,登录成功,2023-11-22 04:10:01
110,admin,127.0.0.1,内网IP,Chrome 11,Windows 10,0,登录成功,2023-11-22 06:45:24
111,admin,127.0.0.1,内网IP,Chrome 11,Windows 10,0,登录成功,2023-11-28 11:23:18
112,admin,127.0.0.1,内网IP,Chrome 11,Windows 10,0,登录成功,2023-11-29 07:00:22
113,admin,127.0.0.1,内网IP,Chrome 11,Windows 10,0,登录成功,2023-12-04 03:02:52
114,admin,127.0.0.1,内网IP,Chrome 11,Windows 10,0,登录成功,2023-12-05 01:45:07
115,admin,127.0.0.1,内网IP,Chrome 11,Windows 10,0,登录成功,2023-12-05 10:53:27
116,admin,127.0.0.1,内网IP,Chrome 11,Windows 10,1,验证码错误,2023-12-07 06:29:07
117,admin,127.0.0.1,内网IP,Chrome 11,Windows 10,0,登录成功,2023-12-07 06:29:11
118,admin,127.0.0.1,内网IP,Firefox 12,Windows 10,0,登录成功,2023-12-12 06:01:23
119,admin,127.0.0.1,内网IP,Chrome 12,Windows 10,0,登录成功,2023-12-13 02:44:39
120,admin,127.0.0.1,内网IP,Firefox 12,Windows 10,0,登录成功,2023-12-13 10:53:05
121,admin,127.0.0.1,内网IP,Firefox 12,Windows 10,0,登录成功,2023-12-16 07:07:31
122,admin,127.0.0.1,内网IP,Firefox 12,Windows 10,0,登录成功,2023-12-20 03:05:42
123,admin,127.0.0.1,内网IP,Chrome 12,Windows 10,0,登录成功,2023-12-20 06:00:10
124,admin,127.0.0.1,内网IP,Chrome 12,Windows 10,0,退出成功,2023-12-20 07:11:40
125,admin,127.0.0.1,内网IP,Chrome 12,Windows 10,0,登录成功,2023-12-20 07:12:11
126,admin,127.0.0.1,内网IP,Firefox 12,Windows 10,0,登录成功,2023-12-20 07:40:23
127,admin,127.0.0.1,内网IP,Chrome 12,Windows 10,0,退出成功,2023-12-20 09:15:06
128,admin,127.0.0.1,内网IP,Chrome 12,Windows 10,0,登录成功,2023-12-20 09:15:09
129,admin,127.0.0.1,内网IP,Chrome 12,Windows 10,0,登录成功,2023-12-21 07:08:04
130,admin,127.0.0.1,内网IP,Firefox 12,Windows 10,0,登录成功,2023-12-21 07:56:49
131,admin,127.0.0.1,内网IP,Chrome 12,Windows 10,1,验证码错误,2023-12-21 08:21:46
132,admin,127.0.0.1,内网IP,Chrome 12,Windows 10,0,登录成功,2023-12-21 08:21:50
133,admin,127.0.0.1,内网IP,Chrome 12,Windows 10,0,登录成功,2023-12-26 11:56:50
134,admin,127.0.0.1,内网IP,Firefox 12,Windows 10,0,登录成功,2023-12-27 07:37:54
135,admin,127.0.0.1,内网IP,Firefox 12,Windows 10,0,登录成功,2023-12-28 12:19:00
136,admin,127.0.0.1,内网IP,Firefox 12,Windows 10,0,登录成功,2024-01-02 02:32:04
